,id
0,GP98v-Uz6TU
0,PNE7qBtJhCQ
0,LXo0hF5shiw
0,1-NYWzd7JW8
0,hLltkC-G5dY
0,AZbjrYcNpPs
0,sE1mr8iCvA8
0,qmqPjXZ17Q8
0,3nwQFLcTvms
0,nY_xCXE0sIc
0,XHKR_4jjf5o
0,TmerVK8wobk
0,OZbjGKtR8QQ
0,S1Ljer4b9y0
0,qPl7NMb28Zw
0,ADI-tg14MC4
0,MuNBpC8EXwM
0,xKTk0ZBAgNI
0,wdDm18CcCLQ
0,oXLd76YvdIE
0,3vYy8WogPZk
0,zM5Ljm87V3U
0,Y8ZXOfWUbms
0,czgOWmtGVGs
0,n36GlWVB8mI
0,yXfC2Fw-9vU
0,jARR2TA1334
0,oVa0reIQbEM
0,S6AKDODgLwU
0,nK81tKi_FWA
0,Wku1ykm4NpI
0,j1zqfidW1aI
0,rKG5jU6DV70
0,cW0ZhXpBl-U
0,jQty14PvMaM
0,5pFX2P7JLwA
0,C9jXiw5iVXE
0,Jqgb82zFWvA
0,UhdymoRTz6M
0,uZXqSpWFr8Q
0,NWuNn06oWo8
0,C7RD-u2g6Wg
0,U8MtvR64c4U
0,ElzybLmIgro
0,KRa_pmLJ9_Q
0,vhhkk69CxXc
0,6cHoJnplW94
0,C6qNV34fThA
0,XG0V7jpVKJA
0,WJXTEZrSfJ4
0,sIXtWObnplA
0,W52LL79wraY
0,vuT_bXzhqhY
0,SFFzG5iJZrA
0,W88lgIVUy_8
0,8zC75u81VKg
0,nZC4mXaosxM
0,op5hWLbxQGY
0,EiZU3BvqvP4
0,eeafBPG6naM
0,3QdDqIqGWbo
0,_Wa9EHuwrY8
0,qygQVm4jHIU
0,rkZ9-_BXzjs
0,T3EGQgjfIt4
0,hSR9oZTx8BQ
0,i0ygB1MfmrA
0,8weMFaRFN5g
0,GSB1pWxE_BU
0,eVpMpleh1Ow
0,pkFStoMFCv8
0,Sh3voZ6T7HA
0,EcikZF6moZs
0,F-zkIy72PVs
0,gt_ikJRssrs
0,znGHjN7NHdw
0,dxKzNwEPEB0
0,-aRM41TIcwQ
0,ljbMzystLpc
0,BY2dIoWPdjw
0,1CnayKa3EKs
0,fe7-MYliEzM
0,_oqvSIrU_4I
0,P0LB_BN2T0E
0,yg_7NMxYnCE
0,atQrGBg4kRA
0,u8njtHUTcYc
0,0FwDvGwQd4g
0,lmBcIRXMKaI
0,6qkFVWJWRUI
0,cdpEicOZg8s
0,eUmLColrG_I
0,xZntZABMj5E
0,hv-WlJGxa-Y
0,cSMB63GMfWM
0,g0H8GeO3rl4
0,U-qfQcJveDw
0,xW9ZxhevkUo
0,8wGN7D03Nho
0,V93O0Ju_4SA
