,Published Date,Title,viewcount
0,2016-12-05T08:00:01.000Z,Dustin Lynch - Seein' Red,25413
0,2016-12-03T14:45:52.000Z,Vengeance Meow,1301975
0,2016-12-05T12:42:31.000Z,Spiranac speaks out on cyber bullies,71763
0,2016-12-04T18:41:12.000Z,EPIC LASER CUT SKATEBOARD AND WHEELS | YOU MAKE IT WE SKATE IT EP 69,429842
0,2016-12-06T08:30:00.000Z,Jimmy Kimmel Makes Two Major Announcements,10829
0,2016-12-05T20:25:34.000Z,"Billy on the Street - The New Suicide Squad, with Andy Samberg!",20331
0,2016-12-03T17:00:02.000Z,10 Things That Are BANNED in America!,1843225
0,2016-12-05T16:39:35.000Z,Journey to the Bamboo Forest,63555
0,2016-12-05T01:54:11.000Z,Salvaje agresión a la terna arbitral en Ayacucho,126903
0,2016-12-06T02:00:01.000Z,Victoria’s Secret Live 2016,457331
0,2016-12-03T20:00:04.000Z,Do Not DEEP FRY Furby Connect!,2280023
0,2016-12-04T12:47:53.000Z,Five Stages of Watching The Purge Movie (HISHE collab),110646
0,2016-12-05T18:07:03.000Z,Selena Gomez Makeup Transformation !!!,136232
0,2016-12-05T16:10:40.000Z,Holiday Books 2016,17751
0,2016-12-04T15:00:02.000Z,7 MILLION SUBSCRIBERS,1487116
0,2016-12-03T19:13:12.000Z,The Last of Us Part 2 Reveal Trailer - Playstation Experience 2016,2007515
0,2016-12-05T16:33:39.000Z,Google-owned robot lab Boston Dynamics shows off its Spot Mini prototype at TechCrunch Disrupt,2930
0,2016-12-05T09:50:39.000Z,The Last Shadow Puppets - This Is Your Life (Official Video),127136
0,2016-12-05T00:42:51.000Z,Westbrook's Hustle Produces Flashy Fastbreak for Thunder | 12.04.16,73247
0,2016-12-05T18:34:10.000Z,Sevyn Streeter - Before I Do [Official Music Video],46629
0,2016-12-03T19:58:49.000Z,Let's Change this Monster Back into a Puppy,981719
0,2016-12-03T19:00:01.000Z,TOP 5 MEALS of 'Gordon Tries the Food' | Kitchen Nightmares,1430444
0,2016-12-04T02:50:12.000Z,DIY Invisible Christmas Tree - Man Vs Pin #103,1570846
0,2016-12-05T17:10:20.000Z,Fake News Prompts Shooting Inside DC Pizzeria,9224
0,2016-12-04T01:00:03.000Z,In N Out VS Five Guys | Versus BURGER edition,159492
0,2016-12-04T05:49:54.000Z,Marvel Vs. Capcom Infinite 【Gameplay Reveal Trailer 1080p60】PS4 Xbox PC MVCI,164702
0,2016-12-04T00:00:02.000Z,7 Easy Chicken Dinners,449120
0,2016-12-05T17:05:59.000Z,Computer Science is a Superpower! | #CSforAll | Karlie Kloss,44520
0,2016-12-04T09:19:25.000Z,Shawn Mendes - Mercy (Live On Saturday Night Live),139737
0,2016-12-05T16:36:44.000Z,Voter Fraud,1073
0,2016-12-03T22:00:03.000Z,Why Don't We Have Elbowcaps?,381523
0,2016-12-03T20:06:07.000Z,The Pocket Washing Machine - Does It Suck?,1577635
0,2016-12-05T15:26:40.000Z,New York Knicks fans chant 'Derek Fisher' at Matt Barnes,5514
0,2016-12-05T17:00:00.000Z,Shakira - Chantaje (Dance Routine) ft. Maluma,696058
0,2016-12-02T13:01:47.000Z,Evan,4236833
0,2016-12-02T17:02:25.000Z,DELETING MY CHANNEL AT 50 MILLION.,12105308
0,2016-12-05T19:28:15.000Z,The Weeknd Reveals 'Drugs Were A Crutch' While Writing Music,3528
0,2016-12-04T22:48:23.000Z,Edward Snowden: David Petraeus Shared Info ‘Far More Highly Classified Than I Ever Did’,1147
0,2016-12-03T19:00:02.000Z,ATTEMPTING EVERY 2016 TREND,1358888
0,2016-12-03T19:11:09.000Z,Manhattan's Gold Bucket Thief Might Be A Genius,799328
0,2016-12-03T18:20:09.000Z,The Comeback Trailer | Crash Bandicoot® N. Sane Trilogy | Crash Bandicoot,1237876
0,2016-12-03T18:18:24.000Z,Official Destiny: Rise of Iron -  The Dawning Trailer,421664
0,2016-12-04T05:17:20.000Z,MechWarrior 5: Mercenaries Pre-Alpha Footage (Mech_Con 2016),332173
0,2016-12-03T15:00:00.000Z,Hair Dye for a Single Gray Hair,650675
0,2016-12-02T20:53:07.000Z,The Chris Pratt Epic Card Trick Fail - The Graham Norton Show,1884879
0,2016-12-05T16:00:50.000Z,Reggie Watts Hijacks a Stranger's Tinder | Vanity Fair,2636
0,2016-06-21T20:05:40.000Z,ART WITH WATSON,3547
0,2016-12-04T16:20:49.000Z,Getting Hit in The Face With Taco Bell in SLOW MOTION,49807
0,2016-12-02T10:16:26.000Z,CNN Crew Jokes AboutTrump's Plane Crashing - FTVLive,2449031
0,2016-12-04T22:55:47.000Z,Martin Garrix ft. Bebe Rexha - 'In The Name Of Love' (Live At Capital's Jingle Bell Ball 2016),183407
0,2016-12-02T15:01:37.000Z,Best. Job. Ever.,162345
0,2016-12-05T22:00:30.000Z,Chandler Suplex 360 Virtual Reality View,7377
0,2016-12-04T00:38:12.000Z,Get You A Girl That Can Do Both (ft. Gina Rodriguez),2010859
0,2016-12-04T12:30:00.000Z,Winter Vegetable Soup | Gennaro Contaldo,98758
0,2012-12-11T19:05:13.000Z,Instructables - Explore. Share. Make.,37843
0,2016-12-05T17:55:20.000Z,"""GREAT!"" RUSH: Trump Is ""LEADING"" With His Tweets",2233
0,2016-12-03T18:55:31.000Z,I Made My Family Disappear - Songify Home Alone,264143
0,2016-12-05T15:15:16.000Z,Michael Slager Trial: Hold-Out Juror Now Center Of Deliberations In Walter Scott Shooting | TODAY,2119
0,2016-12-04T22:47:41.000Z,The End of Eponine | Vlogmas Day Four,89924
0,2016-12-06T01:28:14.000Z,"Oscar De La Hoya “Only fight that makes sense, McGregor vs. Canelo! At 160!”",3442
0,2016-12-04T07:04:46.000Z,Demetrious Johnson vs. Tim Elliott | TUF 24 Finale Highlights,157234
0,2016-12-03T16:30:02.000Z,PEOPLE ARE AWESOME 2016 | BEST VIDEOS OF THE YEAR!,487664
0,2016-12-03T05:12:36.000Z,"Charades with Chelsea Handler, John Legend and Chrissy Teigen",1571049
0,2016-12-03T17:00:13.000Z,GINGERBREAD HOUSE DECORATING CHALLENGE ft iJustine!,910433
0,2016-12-05T19:30:00.000Z,The 45-Second Pizza Oven and Other Robotic Cooking Hacks,5779
0,2016-12-03T15:05:45.000Z,Nails using $$$ makeup! Metalmorphosis 005 Kit GOT NAILED,1299284
0,2016-12-03T22:16:20.000Z,BOYS EVERYDAY MAKEUP LOOK!,576875
0,2016-12-05T14:59:16.000Z,Kelly Clarson - Performs 'White Christmas' Today Show,2006
0,2016-12-05T08:48:45.000Z,Biggest miss or biggest save of all time - Greek football!,53734
0,2016-12-05T05:30:09.000Z,POST-GAME RAW | Connor McDavid,7017
0,2016-12-03T22:55:13.000Z,"My ""Lazy Day"" Skincare",249907
0,2016-12-04T07:09:39.000Z,Emily Youcis Fired After NPI Publicity,34864
0,2016-12-03T12:42:16.000Z,Justin Bieber 'Fast Car' iHeartRadio Jingle Ball 2016,67346
0,2016-12-02T20:00:04.000Z,The Daily Show - The Dakota Access Pipeline's Reservation Reroute,1057268
0,2016-12-03T09:24:31.000Z,Madonna - Toxic  (Live Tears of a clown),136703
0,2016-12-05T13:44:34.000Z,Model Based Teeth Reconstruction,5854
0,2016-12-03T17:55:48.000Z,"Raw: 9 Dead, 25 Missing in Oakland Fire",49563
0,2016-12-03T14:00:03.000Z,The Philosophy of DARTH VADER – Wisecrack Edition,486570
0,2016-11-29T13:09:58.000Z,*OFFICIAL CLIP* The Beyoncé Video Collection- Circa 1992- For Sale Now! Girls Tyme Era,35421
0,2016-12-02T20:49:53.000Z,How Jennifer Lawrence Almost Killed Someone By Scratching Her Butt - The Graham Norton Show,280788
0,2016-12-04T11:59:14.000Z,Chatty Current Everyday Winter Makeup | Samantha Maria,98950
0,2014-01-12T15:02:20.000Z,"The Beatles - Come Together isolated bass track, bass only",10447
0,2016-12-04T18:04:00.000Z,Passenger | And It Stoned Me ( A Van Morrison Cover ),146802
0,2016-12-04T15:00:06.000Z,Gum + Chocolate = ????? (Weird Food Tricks #1),7594
0,2016-12-04T17:00:03.000Z,Who Put This 2-Mile Long Drawing in the Australian Desert?,15276
0,2016-12-05T02:04:05.000Z,ROGUE ONE: A STAR WARS STORY Featurette - Creatures (2016) Sci-Fi Movie HD,6356
0,2016-12-01T15:26:19.000Z,Luke Bryan Interacts with Man Flipping Him Off at Charlie Daniels Volunteer Jam,3283716
0,2014-09-08T12:09:37.000Z,Something Isolated Bass Paul McCartney The Beatles,15496
0,2016-12-04T21:55:02.000Z,A giant fluffy kitty,8753
0,2016-11-11T10:44:03.000Z,Three Ireland - The Girl and The Cloud Film 2016,10032
0,2016-12-03T20:04:17.000Z,PlayStation Experience 2016 - IGN Live,377916
0,2016-12-03T21:04:15.000Z,Easy Holiday Hairstyles for Short / Medium Hair,72200
0,2016-12-04T05:00:00.000Z,Marvel vs. Capcom Infinite - Announcement Trailer,63728
0,2016-12-03T20:04:37.000Z,DIY HOUSE MAKEOVER! | Patio Edition | MYLIFEASEVA & MRKATE,936020
0,2016-12-05T14:00:02.000Z,Margo Price: NPR Music Tiny Desk Concert,11036
0,2016-12-04T09:34:19.000Z,"BLACK BEATLES - Rae Sremmurd - Citizen Four, KRNFX, KHS COVER",385522
0,2016-12-02T14:00:06.000Z,Mole Cricket Experiment!,1947266
0,2016-12-02T19:14:18.000Z,Rogue One A Star Wars Story Exclusive Scene - Jyn's Blaster (2016),254821
0,2016-12-04T14:00:01.000Z,How to make... Candy Cane Christmas Fudge!,24177
