Title,Views,Link to Question
"HDF5 - concurrency, compression &amp; I/O performance",13568,http://stackoverflow.com/questions/16628329/hdf5-concurrency-compression-i-o-performance
Reading Data by Chunking with HDF5 and Pandas,7,http://stackoverflow.com/questions/40348945/reading-data-by-chunking-with-hdf5-and-pandas
pandas + python : merge 2 dataframes cell by cell,9,http://stackoverflow.com/questions/40352645/pandas-python-merge-2-dataframes-cell-by-cell
sshtunnel not working in when used in a function,10,http://stackoverflow.com/questions/40328324/sshtunnel-not-working-in-when-used-in-a-function
Writing Pandas&#39; dataframe into SQL Servet table,11,http://stackoverflow.com/questions/40332319/writing-pandas-dataframe-into-sql-servet-table
How to convert quantlib.time.date.Date to pandas.tslib.Timestamp,12,http://stackoverflow.com/questions/40349868/how-to-convert-quantlib-time-date-date-to-pandas-tslib-timestamp
Backreference in Pandas str.replace,14,http://stackoverflow.com/questions/40353555/backreference-in-pandas-str-replace
PermissionError: [Errno 13] Permission denied: &#39;pubmed_output&#39; (writing to csv file),15,http://stackoverflow.com/questions/40337482/permissionerror-errno-13-permission-denied-pubmed-output-writing-to-csv-f
pandas TimeGrouper in PySpark,16,http://stackoverflow.com/questions/40327936/pandas-timegrouper-in-pyspark
Counting a consecutive number of Boolean Values in a Pandas Dataframe,17,http://stackoverflow.com/questions/40335571/counting-a-consecutive-number-of-boolean-values-in-a-pandas-dataframe
Print Knn prediction alongside id,18,http://stackoverflow.com/questions/40332336/print-knn-prediction-alongside-id
pandas concat generates nan values,19,http://stackoverflow.com/questions/40339886/pandas-concat-generates-nan-values
Plain list with heading in between into dictionary in python,20,http://stackoverflow.com/questions/40332695/plain-list-with-heading-in-between-into-dictionary-in-python
count common entries between two string variables via Python,46,http://stackoverflow.com/questions/40326098/count-common-entries-between-two-string-variables-via-python
Python: Printing Pandas dataframe returns numpy.ndarray Attribute error,22,http://stackoverflow.com/questions/40337393/python-printing-pandas-dataframe-returns-numpy-ndarray-attribute-error
How do I round datetime column to nearest quarter hour,1815,http://stackoverflow.com/questions/32344533/how-do-i-round-datetime-column-to-nearest-quarter-hour
How do i slice pandas Series with DatetimeIndex and put it in a DataFrame by rows?,24,http://stackoverflow.com/questions/40336262/how-do-i-slice-pandas-series-with-datetimeindex-and-put-it-in-a-dataframe-by-row
How to index the first column which has no header?,25,http://stackoverflow.com/questions/40349609/how-to-index-the-first-column-which-has-no-header
"Pandas: sorting a dataframe in subgroups, issue with sorting equal values",26,http://stackoverflow.com/questions/40348116/pandas-sorting-a-dataframe-in-subgroups-issue-with-sorting-equal-values
How to use groupby method combine several (use slice?) columns or rows?,27,http://stackoverflow.com/questions/40351635/how-to-use-groupby-method-combine-several-use-slice-columns-or-rows
Conditional backfill of Pandas columns,28,http://stackoverflow.com/questions/40340729/conditional-backfill-of-pandas-columns
Python count the frequency value - create data structure,29,http://stackoverflow.com/questions/40340873/python-count-the-frequency-value-create-data-structure
Looping to recode variables in python,31,http://stackoverflow.com/questions/40351896/looping-to-recode-variables-in-python
Subset Pandas Data Frame Based on Some Row Value,33,http://stackoverflow.com/questions/40334071/subset-pandas-data-frame-based-on-some-row-value
List of diverse lists to sorted pandas data frame,34,http://stackoverflow.com/questions/40346400/list-of-diverse-lists-to-sorted-pandas-data-frame
How to fill missing Timestamp values in padas data frame,35,http://stackoverflow.com/questions/40327963/how-to-fill-missing-timestamp-values-in-padas-data-frame
Simple Logistic Regression Error in Python,40,http://stackoverflow.com/questions/40051478/simple-logistic-regression-error-in-python
Multiple Categorical values for a single feature how to convert them to binary using python,42,http://stackoverflow.com/questions/40331558/multiple-categorical-values-for-a-single-feature-how-to-convert-them-to-binary-u
Tidy data from multilevel Excel file via pandas,44,http://stackoverflow.com/questions/40319532/tidy-data-from-multilevel-excel-file-via-pandas
Loading a very large txt file and taking transpose,174,http://stackoverflow.com/questions/34686216/loading-a-very-large-txt-file-and-taking-transpose
How to add a bolean series to a new column in df2 IF multiple conditions in df1 are met (incl. DATETIME)?,47,http://stackoverflow.com/questions/40302071/how-to-add-a-bolean-series-to-a-new-column-in-df2-if-multiple-conditions-in-df1
Linear algebra in Numpy,49,http://stackoverflow.com/questions/40345334/linear-algebra-in-numpy
Finding the largest N integrals in a time series with Python,51,http://stackoverflow.com/questions/40341783/finding-the-largest-n-integrals-in-a-time-series-with-python
Get the counts and unique counts of every columns in python,53,http://stackoverflow.com/questions/40348733/get-the-counts-and-unique-counts-of-every-columns-in-python
How save an string output after a for loop in python with pandas and csv modules?,54,http://stackoverflow.com/questions/39857297/how-save-an-string-output-after-a-for-loop-in-python-with-pandas-and-csv-modules
Python Pandas: How can I group by and assign an id to all the items in a group?,56,http://stackoverflow.com/questions/36063251/python-pandas-how-can-i-group-by-and-assign-an-id-to-all-the-items-in-a-group
Slow performance - Python (code),57,http://stackoverflow.com/questions/40347691/slow-performance-python-code
TypeError when converting Pandas to Spark,64,http://stackoverflow.com/questions/39862211/typeerror-when-converting-pandas-to-spark
pandas sorting pivot_table or grouping dataframe?,1735,http://stackoverflow.com/questions/14085517/pandas-sorting-pivot-table-or-grouping-dataframe
Pandas: apply different functions to different columns,468,http://stackoverflow.com/questions/26434123/pandas-apply-different-functions-to-different-columns
pandas: selecting array of index labels with .loc,1888,http://stackoverflow.com/questions/19844985/pandas-selecting-array-of-index-labels-with-loc
"daily data, resample every 3 days, calculate over trailing 5 days efficiently",354,http://stackoverflow.com/questions/40209520/daily-data-resample-every-3-days-calculate-over-trailing-5-days-efficiently
Comparing rows of pandas dataframe (rows have some overlapping values),7399,http://stackoverflow.com/questions/16533421/comparing-rows-of-pandas-dataframe-rows-have-some-overlapping-values
Filtering all rows with NaT in a column in Dataframe python,7272,http://stackoverflow.com/questions/23747451/filtering-all-rows-with-nat-in-a-column-in-dataframe-python
Move columns within Pandas DATA FRAME,1518,http://stackoverflow.com/questions/33216180/move-columns-within-pandas-data-frame
how to use pandas filter with IQR?,506,http://stackoverflow.com/questions/34782063/how-to-use-pandas-filter-with-iqr
generate an indented multindex,21,http://stackoverflow.com/questions/40333170/generate-an-indented-multindex
